Title,Price,Rating,Category,Link
"Trader Joe's Gluten Free Turkey Gravy",$3.99,undefined,"all","https://www.traderjoes.com/home/products/pdp/gluten-free-turkey-gravy-079623"
"Trader Joe's Gluten Free Cheese Pizza",$5.49,undefined,"all","https://www.traderjoes.com/home/products/pdp/gluten-free-cheese-pizza-078836"
"Trader Joe's Gluten Free Baguette",$4.99,undefined,"all","https://www.traderjoes.com/home/products/pdp/gluten-free-baguette-077160"
"Trader Joe's Gluten Free Chocolate Chip Cookies",$4.99,undefined,"all","https://www.traderjoes.com/home/products/pdp/gluten-free-chocolate-chip-cookies-078136"
"Trader Joe's Gluten Free Blueberry Muffins",$5.99,undefined,"all","https://www.traderjoes.com/home/products/pdp/gluten-free-blueberry-muffins-076864"
"Trader Joe's Super Chocolatey Gluten Free Chocolate Chunk Cookie Dough",$5.49,undefined,"all","https://www.traderjoes.com/home/products/pdp/super-chocolatey-gluten-free-chocolate-chunk-cookie-dough-075849"
"Trader Joe's Gluten Free Pumpkin Ravioli",$4.49,undefined,"all","https://www.traderjoes.com/home/products/pdp/gluten-free-pumpkin-ravioli-076951"
"Trader Joe's Gluten Free Strawberry Muffins",$5.99,undefined,"all","https://www.traderjoes.com/home/products/pdp/gluten-free-strawberry-muffins-073910"
"Trader Joe's Gluten Free Madeleine Cookies",$3.49,undefined,"all","https://www.traderjoes.com/home/products/pdp/gluten-free-madeleine-cookies-074707"
"Trader Joe's Gluten Free Pumpkin Streusel Muffins",$5.99,undefined,"all","https://www.traderjoes.com/home/products/pdp/gluten-free-pumpkin-streusel-muffins-074619"
"Trader Joe's Gluten Free Breaded Shrimp",$9.99,undefined,"all","https://www.traderjoes.com/home/products/pdp/gluten-free-breaded-shrimp-071651"
"Trader Joe's Gluten Free Cheese Ravioli",$4.49,undefined,"all","https://www.traderjoes.com/home/products/pdp/gluten-free-cheese-ravioli-071762"
"Trader Joe's Gluten Free Double Chocolate Muffins",$5.99,undefined,"all","https://www.traderjoes.com/home/products/pdp/gluten-free-double-chocolate-muffins-074110"
"Trader Joe's Gluten Free Candy Cane Joe-Joe's",$4.49,undefined,"all","https://www.traderjoes.com/home/products/pdp/gluten-free-candy-cane-joe-joes-053516"
"Trader Joe's Gluten Free White Sandwich Bread",$4.99,undefined,"all","https://www.traderjoes.com/home/products/pdp/gluten-free-white-sandwich-bread-054292"
"Trader Joe's Gluten Free English Muffins",$4.49,undefined,"all","https://www.traderjoes.com/home/products/pdp/gluten-free-english-muffins-070453"
"Trader Joe's Gluten Free Hamburger Buns",$4.99,undefined,"all","https://www.traderjoes.com/home/products/pdp/gluten-free-hamburger-buns-062144"
"Trader Joe's Gluten Free Cinnamon Coffee Cake Muffins",$5.99,undefined,"all","https://www.traderjoes.com/home/products/pdp/gluten-free-cinnamon-coffee-cake-muffins-070524"
"Trader Joe's Gluten Free Mac & Cheese",$3.99,undefined,"all","https://www.traderjoes.com/home/products/pdp/gluten-free-mac-cheese-061364"
"Trader Joe's Gluten Free Norwegian Crispbread",$4.29,undefined,"all","https://www.traderjoes.com/home/products/pdp/gluten-free-norwegian-crispbread-059721"
"Trader Joe's Yellow Mini Sheet Cake",$5.99,undefined,"all","https://www.traderjoes.com/home/products/pdp/yellow-mini-sheet-cake-080742"
"Trader Joe's Glazed Chocolate Donut Holes",$3.49,undefined,"all","https://www.traderjoes.com/home/products/pdp/glazed-chocolate-donut-holes-076907"
"Trader Joe's Seasoned Corn Ribs",$3.99,undefined,"all","https://www.traderjoes.com/home/products/pdp/seasoned-corn-ribs-073466"
"Trader Joe's Rolled Oats",$3.99,undefined,"all","https://www.traderjoes.com/home/products/pdp/rolled-oats-095764"
"Trader Joe's Gluten Free Oatmeal Coconut Cookies",$4.99,undefined,"all","https://www.traderjoes.com/home/products/pdp/gluten-free-oatmeal-coconut-cookies-078927"
"Trader Joe's Gluten Free Chocolate Chunk Cookies",$4.99,undefined,"all","https://www.traderjoes.com/home/products/pdp/gluten-free-chocolate-chunk-cookies-078925"
"Trader Joe's Gluten Free Organic Rolled Oats with Ancient Grains & Seeds",$4.99,undefined,"all","https://www.traderjoes.com/home/products/pdp/gluten-free-organic-rolled-oats-with-ancient-grains-seeds-072073"
"Trader Joe's Gluten Free Joe-Joe's Chocolate Vanilla Creme Cookies",$4.49,undefined,"all","https://www.traderjoes.com/home/products/pdp/gluten-free-joe-joes-chocolate-vanilla-creme-cookies-050754"
"Trader Joe's Black Sesame Mochi",$4.99,undefined,"all","https://www.traderjoes.com/home/products/pdp/black-sesame-mochi-081384"
"Trader Joe's Pineapple Teriyaki Chicken Meatballs",$4.29,undefined,"all","https://www.traderjoes.com/home/products/pdp/pineapple-teriyaki-chicken-meatballs-081225"
"Trader Joe's Blood Orange Mochi",$4.99,undefined,"all","https://www.traderjoes.com/home/products/pdp/blood-orange-mochi-081057"
"Trader Joe's GoMacro® Timeless Treasure Salted Caramel + Chocolate Chips",$2.69,undefined,"all","https://www.traderjoes.com/home/products/pdp/gomacro-timeless-treasure-salted-caramel-chocolate-chips-081417"
"Trader Joe's Hot Honey Mustard Dressing",$3.99,undefined,"all","https://www.traderjoes.com/home/products/pdp/hot-honey-mustard-dressing-080152"
"Trader Joe's Organic Non-Dairy Coconut Beverage Unsweetened",$2.99,undefined,"all","https://www.traderjoes.com/home/products/pdp/organic-non-dairy-coconut-beverage-unsweetened-077815"
"Trader Joe's Organic Non-Dairy Rice Beverage",$2.49,undefined,"all","https://www.traderjoes.com/home/products/pdp/organic-non-dairy-rice-beverage-077814"
"Trader Joe's Very Berry Granola",$3.99,undefined,"all","https://www.traderjoes.com/home/products/pdp/very-berry-granola-078977"
"Trader Joe's Pink Lady Apple Chips",$2.29,undefined,"all","https://www.traderjoes.com/home/products/pdp/pink-lady-apple-chips-079722"
"Trader Joe's Unexpected Cheddar Cheese & Turkey Sausage Egg White Bites",$3.79,undefined,"all","https://www.traderjoes.com/home/products/pdp/unexpected-cheddar-cheese-turkey-sausage-egg-white-bites-078750"
"Trader Joe's Organic Apple Cinnamon Fruit Sauce Crushers",$2.99,undefined,"all","https://www.traderjoes.com/home/products/pdp/organic-apple-cinnamon-fruit-sauce-crushers-078278"
"Trader Joe's Energy Bar Chocolate Chip",$1.19,undefined,"all","https://www.traderjoes.com/home/products/pdp/energy-bar-chocolate-chip-077618"
"Trader Joe's Energy Bar Peanut Butter",$1.19,undefined,"all","https://www.traderjoes.com/home/products/pdp/energy-bar-peanut-butter-077616"
"Trader Joe's Organic Chocolate Chip Baked Whole Grain Bar",$4.69,undefined,"all","https://www.traderjoes.com/home/products/pdp/organic-chocolate-chip-baked-whole-grain-bar-176084"
"Trader Joe's Organic Iced Oatmeal Baked Whole Grain Bar",$4.69,undefined,"all","https://www.traderjoes.com/home/products/pdp/organic-iced-oatmeal-baked-whole-grain-bar-176082"
"Trader Joe's Organic Peanut Butter & Cocoa Crunch",$3.49,undefined,"all","https://www.traderjoes.com/home/products/pdp/organic-peanut-butter-cocoa-crunch-077076"
"Trader Joe's Mango Mochi",$4.99,undefined,"all","https://www.traderjoes.com/home/products/pdp/mango-mochi-078548"
"Trader Joe's Savory Squares",$3.99,undefined,"all","https://www.traderjoes.com/home/products/pdp/savory-squares-077338"
"Trader Joe's Chickpea Fusilli Pasta",$2.99,undefined,"all","https://www.traderjoes.com/home/products/pdp/chickpea-fusilli-pasta-078268"
"Trader Joe's Sliced Uncured Pepperoni",$3.99,undefined,"all","https://www.traderjoes.com/home/products/pdp/sliced-uncured-pepperoni-076905"
"Trader Joe's Strawberry Overnight Oats",$1.99,undefined,"all","https://www.traderjoes.com/home/products/pdp/strawberry-overnight-oats-077656"
"Trader Joe's Chocolate Almond Protein Smoothie Beverage",$3.49,undefined,"all","https://www.traderjoes.com/home/products/pdp/chocolate-almond-protein-smoothie-beverage-075514"
"Trader Joe's Brown Sugar Boba Mochi",$2.99,undefined,"all","https://www.traderjoes.com/home/products/pdp/brown-sugar-boba-mochi-076029"
"Trader Joe's Mini Mochi Rice Nuggets",$1.99,undefined,"all","https://www.traderjoes.com/home/products/pdp/mini-mochi-rice-nuggets-076825"
"Trader Joe's Peanut Butter Overnight Oats",$1.99,undefined,"all","https://www.traderjoes.com/home/products/pdp/peanut-butter-overnight-oats-077544"
"Trader Joe's Orgain® Creamy Chocolate Fudge Organic Protein Boost Powder",$14.99,undefined,"all","https://www.traderjoes.com/home/products/pdp/orgain-creamy-chocolate-fudge-organic-protein-boost-powder-077808"
"Trader Joe's Orgain® Vanilla Bean Organic Protein Boost Powder",$14.99,undefined,"all","https://www.traderjoes.com/home/products/pdp/orgain-vanilla-bean-organic-protein-boost-powder-077804"
"Trader Joe's Baingan Bharta",$3.49,undefined,"all","https://www.traderjoes.com/home/products/pdp/baingan-bharta-095249"
"Trader Joe's Chicken Breakfast Sausage Patties",$2.99,undefined,"all","https://www.traderjoes.com/home/products/pdp/chicken-breakfast-sausage-patties-075420"
"Trader Joe's Non-Dairy Oat Beverage Unsweetened Vanilla",$3.99,undefined,"all","https://www.traderjoes.com/home/products/pdp/non-dairy-oat-beverage-unsweetened-vanilla-075054"
"Trader Joe's Organic Buttery Plant-Based Spread",$3.99,undefined,"all","https://www.traderjoes.com/home/products/pdp/organic-buttery-plant-based-spread-075762"
"Trader Joe's Oat Chocolate Bars with Crispy Rice & Cocoa Nibs",$2.29,undefined,"all","https://www.traderjoes.com/home/products/pdp/oat-chocolate-bars-with-crispy-rice-cocoa-nibs-075529"
"Trader Joe's Sweet & Salty Umami Crunchies Rice Crackers",$2.99,undefined,"all","https://www.traderjoes.com/home/products/pdp/sweet-salty-umami-crunchies-rice-crackers-073423"
"Trader Joe's Sous Vide Turkey Breast Tenderloins",$8.99,undefined,"all","https://www.traderjoes.com/home/products/pdp/sous-vide-turkey-breast-tenderloins-073662"
"Trader Joe's Sous Vide Chicken Thighs",$8.99,undefined,"all","https://www.traderjoes.com/home/products/pdp/sous-vide-chicken-thighs-074047"
"Trader Joe's Riced Hearts of Palm",$3.49,undefined,"all","https://www.traderjoes.com/home/products/pdp/riced-hearts-of-palm-075005"
"Trader Joe's Egg Bites Cheese, Spinach & Kale",$3.79,undefined,"all","https://www.traderjoes.com/home/products/pdp/egg-bites-cheese-spinach-kale-073765"
"Trader Joe's Egg Bites Cheddar Cheese & Uncured Bacon",$3.79,undefined,"all","https://www.traderjoes.com/home/products/pdp/egg-bites-cheddar-cheese-uncured-bacon-073764"
"Trader Joe's Unexpected Cheddar Chicken Sausage",$4.49,undefined,"all","https://www.traderjoes.com/home/products/pdp/unexpected-cheddar-chicken-sausage-074048"
"Trader Joe's Instant Boba Kit",$4.99,undefined,"all","https://www.traderjoes.com/home/products/pdp/instant-boba-kit-073998"
"Trader Joe's Non-Dairy Oat Creamer Brown Sugar Flavor",$1.99,undefined,"all","https://www.traderjoes.com/home/products/pdp/non-dairy-oat-creamer-brown-sugar-flavor-073798"
"Trader Joe's Egg Wraps",$4.69,undefined,"all","https://www.traderjoes.com/home/products/pdp/egg-wraps-073420"
"Trader Joe's Oat Chocolate Bars",$2.29,undefined,"all","https://www.traderjoes.com/home/products/pdp/oat-chocolate-bars-071552"
"Trader Joe's Sour Cream & Onion Flavored Rings",$1.99,undefined,"all","https://www.traderjoes.com/home/products/pdp/sour-cream-onion-flavored-rings-072136"
"Trader Joe's Fancy Cheese Crunchies",$3.99,undefined,"all","https://www.traderjoes.com/home/products/pdp/fancy-cheese-crunchies-071763"
"Trader Joe's Papadums Lentil and Chickpea Crisps",$2.69,undefined,"all","https://www.traderjoes.com/home/products/pdp/papadums-lentil-and-chickpea-crisps-070198"
"Trader Joe's Organic Cacio e Pepe Puffs",$2.49,undefined,"all","https://www.traderjoes.com/home/products/pdp/organic-cacio-e-pepe-puffs-071323"
"Trader Joe's Organic Lentil Vegetable Soup",$2.49,undefined,"all","https://www.traderjoes.com/home/products/pdp/organic-lentil-vegetable-soup-072306"
"Trader Joe's Vegan Creamy Dill Dressing",$3.99,undefined,"all","https://www.traderjoes.com/home/products/pdp/vegan-creamy-dill-dressing-072757"
"Trader Joe's Eggwich Breadless Breakfast Sandwich",$5.49,undefined,"all","https://www.traderjoes.com/home/products/pdp/eggwich-breadless-breakfast-sandwich-070784"
"Trader Joe's Organic Apple Banana Fruit Sauce Crushers",$2.99,undefined,"all","https://www.traderjoes.com/home/products/pdp/organic-apple-banana-fruit-sauce-crushers-055005"
"Trader Joe's Organic Red Lentil Sedanini",$2.99,undefined,"all","https://www.traderjoes.com/home/products/pdp/organic-red-lentil-sedanini-058259"
"Trader Joe's Japchae Korean Glass Noodles & Vegetable Stir Fry",$3.49,undefined,"all","https://www.traderjoes.com/home/products/pdp/japchae-korean-glass-noodles-vegetable-stir-fry-071063"
"Trader Joe's Sour Jelly Beans",$2.49,undefined,"all","https://www.traderjoes.com/home/products/pdp/sour-jelly-beans-070440"
"Trader Joe's Nutritional Yeast",$3.49,undefined,"all","https://www.traderjoes.com/home/products/pdp/nutritional-yeast-058871"
"Trader Joe's Organic Blue Corn Tortilla Chips",$3.99,undefined,"all","https://www.traderjoes.com/home/products/pdp/organic-blue-corn-tortilla-chips-094583"
"Trader Joe's Organic Hickory Smoked Turkey Breast",$5.99,undefined,"all","https://www.traderjoes.com/home/products/pdp/organic-hickory-smoked-turkey-breast-062667"
"Trader Joe's Fleur de Sel Caramel Sauce",$3.99,undefined,"all","https://www.traderjoes.com/home/products/pdp/fleur-de-sel-caramel-sauce-095214"
"Trader Joe's Chicken Tikka Masala",$4.49,undefined,"all","https://www.traderjoes.com/home/products/pdp/chicken-tikka-masala-099142"
"Trader Joe's Oven-Baked Cheese Bites",$2.99,undefined,"all","https://www.traderjoes.com/home/products/pdp/oven-baked-cheese-bites-057243"
"Trader Joe's Semi-Sweet Chocolate Chips",$3.99,undefined,"all","https://www.traderjoes.com/home/products/pdp/semi-sweet-chocolate-chips-004529"
"Trader Joe's Spicy Jalapeño Chicken Sausage",$4.29,undefined,"all","https://www.traderjoes.com/home/products/pdp/spicy-jalapeno-chicken-sausage-028285"
"Trader Joe's La Colombe Double Cold Brew Latte with Oatmilk",$2.99,undefined,"all","https://www.traderjoes.com/home/products/pdp/la-colombe-double-cold-brew-latte-with-oatmilk-070576"
"Trader Joe's Strawberry Mochi",$4.99,undefined,"all","https://www.traderjoes.com/home/products/pdp/strawberry-mochi-064499"
"Trader Joe's Organic Tomato & Roasted Red Pepper Soup",$3.49,undefined,"all","https://www.traderjoes.com/home/products/pdp/organic-tomato-roasted-red-pepper-soup-057879"
"Trader Joe's Organic Tricolor Quinoa",$3.49,undefined,"all","https://www.traderjoes.com/home/products/pdp/organic-tricolor-quinoa-096689"
"Trader Joe's Organic White Quinoa",$3.49,undefined,"all","https://www.traderjoes.com/home/products/pdp/organic-white-quinoa-059941"
"Trader Joe's Quinoa and Black Bean infused Tortilla Chips",$3.49,undefined,"all","https://www.traderjoes.com/home/products/pdp/quinoa-and-black-bean-infused-tortilla-chips-097226"
"Trader Joe's Ode to the Classic Potato Chip",$2.99,undefined,"all","https://www.traderjoes.com/home/products/pdp/ode-to-the-classic-potato-chip-096695"
"Trader Joe's Hearts of Palm Pasta",$3.49,undefined,"all","https://www.traderjoes.com/home/products/pdp/hearts-of-palm-pasta-067844"
"Trader Joe's Organic Unsweetened Almond Beverage",$1.99,undefined,"all","https://www.traderjoes.com/home/products/pdp/organic-unsweetened-almond-beverage-064957"
"Trader Joe's Organic Brown Rice & Quinoa Fusilli Pasta",$3.49,undefined,"all","https://www.traderjoes.com/home/products/pdp/organic-brown-rice-quinoa-fusilli-pasta-051524"
"Trader Joe's Sweet Apple Chicken Sausage",$4.29,undefined,"all","https://www.traderjoes.com/home/products/pdp/sweet-apple-chicken-sausage-075270"
"Trader Joe's Sweet Plantain Chips",$2.49,undefined,"all","https://www.traderjoes.com/home/products/pdp/sweet-plantain-chips-055085"
"Trader Joe's Organic Hearty Vegetable Broth",$1.99,undefined,"all","https://www.traderjoes.com/home/products/pdp/organic-hearty-vegetable-broth-021509"
"Trader Joe's Organic Free Range Chicken Broth",$1.99,undefined,"all","https://www.traderjoes.com/home/products/pdp/organic-free-range-chicken-broth-030416"
"Trader Joe's Vanilla Overnight Oats",$1.99,undefined,"all","https://www.traderjoes.com/home/products/pdp/vanilla-overnight-oats-061902"
"Trader Joe's Greek Yogurt with Honey",$5.49,undefined,"all","https://www.traderjoes.com/home/products/pdp/greek-yogurt-with-honey-097926"
"Trader Joe's Cocoa Truffles",$4.49,undefined,"all","https://www.traderjoes.com/home/products/pdp/cocoa-truffles-044575"
"Trader Joe's Organic Non-Dairy Soy Beverage Unsweetened",$2.29,undefined,"all","https://www.traderjoes.com/home/products/pdp/organic-non-dairy-soy-beverage-unsweetened-067010"
"Trader Joe's Organic Corn Chip Dippers",$2.79,undefined,"all","https://www.traderjoes.com/home/products/pdp/organic-corn-chip-dippers-092482"
"Trader Joe's Ube Mochi",$4.99,undefined,"all","https://www.traderjoes.com/home/products/pdp/ube-mochi-070805"
"Trader Joe's Non-Dairy Oat Beverage",$3.99,undefined,"all","https://www.traderjoes.com/home/products/pdp/non-dairy-oat-beverage-065333"
"Trader Joe's Ridge Cut Potato Chips with Sea Salt",$3.99,undefined,"all","https://www.traderjoes.com/home/products/pdp/ridge-cut-potato-chips-with-sea-salt-091749"
"Trader Joe's Ube Mochi Pancake & Waffle Mix",$3.99,undefined,"all","https://www.traderjoes.com/home/products/pdp/ube-mochi-pancake-waffle-mix-068389"
"Trader Joe's Grainless Granola",$4.69,undefined,"all","https://www.traderjoes.com/home/products/pdp/grainless-granola-068388"
"Trader Joe's Marshmallows",$2.99,undefined,"all","https://www.traderjoes.com/home/products/pdp/marshmallows-056661"
"Trader Joe's Chips in a Pickle",$2.99,undefined,"all","https://www.traderjoes.com/home/products/pdp/chips-in-a-pickle-070915"
"Trader Joe's Organic Açai Bowl",$3.99,undefined,"all","https://www.traderjoes.com/home/products/pdp/organic-acai-bowl-064672"
"Trader Joe's Organic Oven Roasted Turkey Breast",$5.99,undefined,"all","https://www.traderjoes.com/home/products/pdp/organic-oven-roasted-turkey-breast-060185"
"Trader Joe's Cauliflower Slims",$3.99,undefined,"all","https://www.traderjoes.com/home/products/pdp/cauliflower-slims-066015"
"Trader Joe's Organic Stone Ground Yellow Corn Taco Shells",$2.69,undefined,"all","https://www.traderjoes.com/home/products/pdp/organic-stone-ground-yellow-corn-taco-shells-069808"
"Trader Joe's Dark Chocolate Orange Sticks",$3.99,undefined,"all","https://www.traderjoes.com/home/products/pdp/dark-chocolate-orange-sticks-060414"
"Trader Joe's Scandinavian Swimmers",$3.79,undefined,"all","https://www.traderjoes.com/home/products/pdp/scandinavian-swimmers-055691"
"Trader Joe's Organic Hearty Minestrone Soup",$4.99,undefined,"all","https://www.traderjoes.com/home/products/pdp/organic-hearty-minestrone-soup-058304"
"Trader Joe's Organic Coconut Aminos Seasoning Sauce",$2.99,undefined,"all","https://www.traderjoes.com/home/products/pdp/organic-coconut-aminos-seasoning-sauce-058114"
"Trader Joe's Chili & Lime Flavored Rolled Corn Tortilla Chips",$2.99,undefined,"all","https://www.traderjoes.com/home/products/pdp/chili-lime-flavored-rolled-corn-tortilla-chips-061420"
"Trader Joe's World's Puffiest White Cheddar Corn Puffs",$2.69,undefined,"all","https://www.traderjoes.com/home/products/pdp/worlds-puffiest-white-cheddar-corn-puffs-053371"
"Trader Joe's ABC Bars",$3.69,undefined,"all","https://www.traderjoes.com/home/products/pdp/abc-bars-059322"
"Trader Joe's Soy Chorizo",$2.99,undefined,"all","https://www.traderjoes.com/home/products/pdp/soy-chorizo-092463"
"Trader Joe's Dark Chocolate Sunflower Seed Butter Cups",$1.59,undefined,"all","https://www.traderjoes.com/home/products/pdp/dark-chocolate-sunflower-seed-butter-cups-062485"
"Trader Joe's Unsweetened Almond, Cashew & Macadamia Nut Beverage",$2.49,undefined,"all","https://www.traderjoes.com/home/products/pdp/unsweetened-almond-cashew-macadamia-nut-beverage-061942"
"Trader Joe's Whipt™ Plant Based Dairy Free Whipped Coconut",$3.99,undefined,"all","https://www.traderjoes.com/home/products/pdp/whipt-plant-based-dairy-free-whipped-coconut-081188"
"Trader Joe's All Natural Ground Chicken",$4.49,undefined,"all","https://www.traderjoes.com/home/products/pdp/all-natural-ground-chicken-055562"
"Trader Joe's Organic Firm Tofu",$1.99,undefined,"all","https://www.traderjoes.com/home/products/pdp/organic-firm-tofu-041911"